{"cameraMode":{"drawMode":0,"name":"Shaded","section":"Shading Mode"},"sceneLighting":true,"audioPlay":false,"sceneViewState":{"m_AlwaysRefresh":false,"showFog":true,"showSkybox":true,"showFlares":true,"showImageEffects":true,"showParticleSystems":true,"showVisualEffectGraphs":true,"m_FxEnabled":true},"in2DMode":false,"pivot":{"x":206.74212646484376,"y":78.384033203125,"z":129.36695861816407},"rotation":{"x":-0.3072877526283264,"y":0.018965864554047586,"z":-0.009168358519673348,"w":-0.9518452882766724},"size":10.503726959228516,"orthographic":false}