{"cameraMode":{"drawMode":0,"name":"Shaded","section":"Shading Mode"},"sceneLighting":false,"audioPlay":false,"sceneViewState":{"m_AlwaysRefresh":false,"showFog":true,"showSkybox":false,"showFlares":true,"showImageEffects":true,"showParticleSystems":true,"showVisualEffectGraphs":true,"m_FxEnabled":true},"in2DMode":false,"pivot":{"x":0.000003814697265625,"y":0.06385569274425507,"z":-16.500001907348634},"rotation":{"x":-0.30893075466156008,"y":0.1952141523361206,"z":-0.06575106829404831,"w":-0.9285816550254822},"size":32.50006866455078,"orthographic":false}